Workbook

Sheet Legenda
A1: PB-01 — unit economics węzła vs cena 45 zł/mies. brutto
A2: Verris · dokument roboczy do decyzji cenowej · stan na 2026-08-22
A4: Po co ten arkusz
B5: Policzyć, ile realnie kosztuje jeden węzeł hostingowy w skali miesiąca, ile kont się na nim mieści
B6: i przy jakiej liczbie kont pakiet za 45 zł brutto przestaje przynosić stratę.
B8: Arkusz nie ma udowodnić, że cena jest dobra. Ma pokazać, przy jakich założeniach jest, a przy jakich nie.
A10: Jak czytać kolory
B11: niebieski | C11: dane wejściowe — to są komórki do zmiany
B12: czarny | C12: wyliczenie w tej zakładce
B13: zielony | C13: odwołanie do innej zakładki
B14: żółte tło | C14: założenie bez twardego źródła — do zweryfikowania pomiarem
B15: czerwony | C15: wynik, który blokuje decyzję
A17: Kolejność zakładek
B18: Zalozenia | C18: wszystkie liczby wejściowe w jednym miejscu, z oznaczeniem źródła
B19: Licencje | C19: cenniki CloudLinux / Imunify360 / LiteSpeed / DirectAdmin / JetBackup
B20: Wezel | C20: trzy warianty sprzętu i pełny koszt miesięczny każdego
B21: Gestosc | C21: ile kont wchodzi na węzeł — wg kodu dzisiaj i wg trzech scenariuszy
B22: Marza | C22: rachunek wyniku na węzeł, marża jednostkowa i próg rentowności
B23: Wrazliwosc | C23: co się dzieje z wynikiem przy innym overcommicie i innej cenie
B24: Zrodla | C24: każda liczba z linkiem i datą sprawdzenia
A26: Uwaga metodologiczna
B27: Ceny licencji i sprzętu są sprawdzone 2026-08-22 i mają źródło w zakładce Zrodla.
B28: Realne zużycie zasobów przez konto (RAM, CPU, dysk) NIE jest zmierzone — to założenie.
B29: Cały wynik modelu wisi na tym jednym założeniu. Pomiar na węźle #1 (PB-02) jest warunkiem,
B30: żeby ten arkusz przestał być szacunkiem, a stał się rachunkiem.

Sheet Zalozenia
A1: Założenia i dane wejściowe
A2: Niebieskie = zmieniaj tutaj. Żółte tło = brak twardego źródła.
A4: Kursy i podatki
A5: Pozycja | B5: Wartość | C5: Jednostka | D5: Źródło / uwaga
A6: Kurs USD/PLN | B6: 3.6839 | C6: PLN/USD | D6: NBP tabela A, 2026-08-22
A7: Kurs EUR/PLN | B7: 4.3122 | C7: PLN/EUR | D7: NBP tabela A, 2026-08-22
A8: Stawka VAT | B8: 0.23 | C8: % | D8: Ustawa o VAT, stawka podstawowa
A10: Cena i przychód
A11: Pozycja | B11: Wartość | C11: Jednostka | D11: Źródło / uwaga
A12: Cena pakietu — miesięcznie brutto | B12: 45 | C12: PLN | D12: apps/www/.../Pricing.tsx:120
A13: Cena pakietu — rocznie brutto | B13: 399 | C13: PLN | D13: apps/www/.../Pricing.tsx:120
A14: Udział abonamentów rocznych | B14: 0.4 | C14: % | D14: ZAŁOŻENIE — brak danych sprzedażowych
A15: Prowizja operatora płatności | B15: 0.019 | C15: % | D15: ZAŁOŻENIE — do potwierdzenia w umowie z operatorem
A16: Cena miesięczna netto | B16: =B12/(1+B8) -> 36.585366 | C16: PLN | D16: 45,00 / 1,23
A17: Cena roczna netto — na miesiąc | B17: =B13/(1+B8)/12 -> 27.03252 | C17: PLN | D17: 399,00 / 1,23 / 12 — rok jest o 26% tańszy miesięcznie
A18: ARPU netto na konto / mies. | B18: =B16*(1-B14)+B17*B14 -> 32.764228 | C18: PLN | D18: mix miesięcznych i rocznych
A19: Przychód netto po prowizji / konto / mies. | B19: =B18*(1-B15) -> 32.141707 | C19: PLN | D19: to jest liczba, która realnie wpływa
A21: Pakiet sprzedawany klientowi (baza w cenie)
A22: Pozycja | B22: Wartość | C22: Jednostka | D22: Źródło / uwaga
A23: Baza RAM na konto | B23: 8 | C23: GB | D23: hosting/page.tsx:77 — „Baza w cenie: 50 GB NVMe, 8 GB RAM, 2 vCPU”
A24: Baza CPU na konto | B24: 2 | C24: vCPU | D24: hosting/page.tsx:77 — w LVE to SPEED=200%
A25: Baza dysku na konto | B25: 50 | C25: GB | D25: hosting/page.tsx:77
A27: Realne zużycie na konto — ZAŁOŻENIE, nie pomiar
A28: To jest najsłabsze ogniwo całego modelu. Do zmierzenia na węźle #1 (PB-02).
A29: Pozycja | B29: Wartość | C29: Jednostka | D29: Podstawa
A30: Realne zużycie RAM / konto | B30: 0.5 | C30: GB | D30: ZAŁOŻENIE: typowy WordPress w stanie ustalonym 250–600 MB RSS
A31: Realne zużycie CPU / konto | B31: 0.08 | C31: vCPU | D31: ZAŁOŻENIE: 3–8% rdzenia poza szczytem
A32: Realne zajęcie dysku / konto | B32: 8 | C32: GB | D32: ZAŁOŻENIE: strona firmowa + poczta + kopie lokalne
A34: Polityka pojemności
A35: Pozycja | B35: Wartość | C35: Jednostka | D35: Źródło / uwaga
A36: Rezerwa headroom na węźle | B36: 0.2 | C36: % | D36: Docelowa polityka. UWAGA: w kodzie reservedHeadroomPercent ma default 0 (schema.prisma:474)
A37: Mnożnik kopii zapasowej | B37: 2 | C37: × | D37: ZAŁOŻENIE: retencja daje ok. 2× wolumen danych
A38: Liczba węzłów we flocie | B38: 1 | C38: szt. | D38: Stan na dziś: 1 (Node-PL-01). Zmienia amortyzację control-plane.
A40: Koszty poza węzłem
A41: Pozycja | B41: Wartość | C41: Jednostka | D41: Źródło / uwaga
A42: Control-plane: panel + monitoring + poczta / mies. | B42: 250 | C42: PLN | D42: ZAŁOŻENIE: serwer panelu + Grafana + SMTP. Dzielone przez liczbę węzłów.
A43: Wsparcie: minut na konto / mies. | B43: 6 | C43: min | D43: ZAŁOŻENIE stanu ustalonego. Pierwszy miesiąc klienta jest dużo droższy.
A44: Stawka godzinowa wsparcia | B44: 60 | C44: PLN/h | D44: ZAŁOŻENIE: koszt alternatywny czasu założyciela
A45: Koszt kopii off-site za 1 TB / mies. | B45: 13.8 | C45: PLN | D45: Hetzner Storage Box ok. 3,20 EUR/TB × 4,3122
A46: Koszt wsparcia na konto / mies. | B46: =B43/60*B44 -> 6 | C46: PLN | D46: minuty / 60 × stawka

Sheet Licencje
A1: Licencje — cennik i wybór
A2: Ceny za serwer za miesiąc. Sprawdzone 2026-08-22. Przeliczenie po kursie z zakładki Zalozenia.
A4: Produkt | B4: Wariant | C4: USD/mies. | D4: PLN/mies. | E4: Wybrany | F4: Uwaga
A5: CloudLinux OS | B5: 1 konto (dawniej Solo) | C5: 7 | D5: =C5*Zalozenia!$B$6 -> 25.7873 | E5: 0 | F5: Limit 1 konta hostingowego — nie nadaje się do shared.
A6: CloudLinux OS | B6: 5 kont (dawniej Admin) | C6: 12 | D6: =C6*Zalozenia!$B$6 -> 44.2068 | E6: 0 | F6: Limit 5 kont — nie nadaje się do shared.
A7: CloudLinux OS | B7: bez limitu kont (dawniej Shared Pro) | C7: 18 | D7: =C7*Zalozenia!$B$6 -> 66.3102 | E7: 1 | F7: Jedyny wariant sensowny dla shared. Rabat wolumenowy: 16 USD od 2 serwerów, 14 USD od 5.
A8: Imunify360 | B8: 1 konto | C8: 12 | D8: =C8*Zalozenia!$B$6 -> 44.2068 | E8: 0 | F8: —
A9: Imunify360 | B9: do 30 kont | C9: 25 | D9: =C9*Zalozenia!$B$6 -> 92.0975 | E9: 0 | F9: Wystarczy tylko przy bardzo małej gęstości.
A10: Imunify360 | B10: do 250 kont | C10: 35 | D10: =C10*Zalozenia!$B$6 -> 128.9365 | E10: 1 | F10: Wariant zakładany w modelu.
A11: Imunify360 | B11: bez limitu | C11: 45 | D11: =C11*Zalozenia!$B$6 -> 165.7755 | E11: 0 | F11: —
A12: LiteSpeed Web Server | B12: Web Host Essential | C12: 36 | D12: =C12*Zalozenia!$B$6 -> 132.6204 | E12: 0 | F12: Dokumentacja LiteSpeed: RAM bez limitu, ale 1 proces roboczy. Na 8 rdzeniach do przyjęcia.
A13: LiteSpeed Web Server | B13: Web Host Professional | C13: 46 | D13: =C13*Zalozenia!$B$6 -> 169.4594 | E13: 1 | F13: 2 procesy robocze. Wariant zakładany dla węzła 16-rdzeniowego.
A14: LiteSpeed Web Server | B14: Web Host Enterprise | C14: 65 | D14: =C14*Zalozenia!$B$6 -> 239.4535 | E14: 0 | F14: 4 procesy robocze.
A15: LiteSpeed Web Server | B15: Web Host Elite | C15: 92 | D15: =C15*Zalozenia!$B$6 -> 338.9188 | E15: 0 | F15: Procesy konfigurowalne + auto-firewall.
A16: DirectAdmin | B16: Standard (bez limitu kont) | C16: 29 | D16: =C16*Zalozenia!$B$6 -> 106.8331 | E16: 1 | F16: Rabat wolumenowy: −15% od 4 licencji, do −40% od 35.
A17: JetBackup | B17: za serwer, bez limitu kont | C17: 8.95 | D17: =C17*Zalozenia!$B$6 -> 32.970905 | E17: 1 | F17: Alternatywa: skrypty własne — wtedy 0 zł, ale H-20 traci wsparcie producenta.
A19: Suma wybranych licencji (kolumna „Wybrany” = 1) | D19: =SUMPRODUCT(D5:D17,E5:E17) -> 504.51011
A21: Suma dla węzła mniejszego (LSWS Essential zamiast Professional) | D21: =D19-D13+D12 -> 467.67111
A23: Wniosek
A24: Licencje kosztują więcej niż tani serwer. Przy węźle za 277 zł netto same licencje to ok. 468 zł —
A25: 1,7× koszt sprzętu. Oznacza to, że strategia „dużo małych tanich węzłów” jest w tym modelu
A26: najgorsza z możliwych: licencja jest naliczana od serwera, nie od konta.
A27: Kierunek odwrotny — mniej, ale większych węzłów — obniża koszt na konto szybciej niż wybór tańszego sprzętu.

Sheet Wezel
A1: Koszt węzła — warianty sprzętu
A2: Trzy realne warianty. Ceny netto, sprawdzone 2026-08-22 — przed zamówieniem potwierdzić w konfiguratorze.
A4: Pozycja | B4: A — OVH Rise-S | C4: B — Hetzner AX102 | D4: C — OVH Advance-2 (WAW1) | E4: Uwaga
A5: Lokalizacja | B5: Francja (GRA/RBX) | C5: Niemcy / Finlandia | D5: Polska — Warszawa | E5: Tylko wariant C jest w PL. Ma znaczenie dla RODO i dla marketingu.
A6: Rdzenie fizyczne | B6: 8 | C6: 16 | D6: 16 | E6: AX102 = Ryzen 9 7950X3D, 16 rdzeni / 32 wątki.
A7: Wątki | B7: 16 | C7: 32 | D7: 32 | E7: Kod liczy pojemność CPU jako totalCpuCores × 100 (LVE SPEED %).
A8: RAM (GB) | B8: 64 | C8: 128 | D8: 128 | E8: AX102 ma 128 GB DDR5 ECC.
A9: Dysk użyteczny po RAID1 (GB) | B9: 960 | C9: 1920 | D9: 960 | E9: 2×960 GB lub 2×1,92 TB w RAID1. Wariant C: dysk 1,92 TB jest płatną opcją.
A11: Koszty miesięczne netto
A12: Pozycja | B12: A — OVH Rise-S | C12: B — Hetzner AX102 | D12: C — OVH Advance-2 (WAW1) | E12: Uwaga
A13: Sprzęt | B13: 277 | C13: =(157.3+1.7)*Zalozenia!$B$7 -> 685.6398 | D13: 661 | E13: Hetzner: 157,30 EUR + 1,70 EUR za IPv4. OVH w PLN netto.
A14: Licencje | B14: =Licencje!$D$21 -> 467.67111 | C14: =Licencje!$D$19 -> 504.51011 | D14: =Licencje!$D$19 -> 504.51011 | E14: Wariant A z LSWS Essential (8 rdzeni), B i C z Professional.
A15: Kopia off-site | B15: =B9/1024*Zalozenia!$B$37*Zalozenia!$B$45 -> 25.875 | C15: =C9/1024*Zalozenia!$B$37*Zalozenia!$B$45 -> 51.75 | D15: =D9/1024*Zalozenia!$B$37*Zalozenia!$B$45 -> 25.875 | E15: Liczone od pełnej pojemności dysku × mnożnik retencji — konserwatywnie.
A16: Control-plane (amortyzacja) | B16: =Zalozenia!$B$42/Zalozenia!$B$38 -> 250 | C16: =Zalozenia!$B$42/Zalozenia!$B$38 -> 250 | D16: =Zalozenia!$B$42/Zalozenia!$B$38 -> 250 | E16: Dzielone przez liczbę węzłów. Przy 1 węźle cały koszt siedzi na nim.
A17: RAZEM koszt węzła / mies. | B17: =SUM(B13:B16) -> 1020.5461 | C17: =SUM(C13:C16) -> 1491.8999 | D17: =SUM(D13:D16) -> 1441.3851 | E17: To jest liczba, którą trzeba pokryć przychodem z kont na tym węźle.
A18: w tym koszt stały niezależny od liczby kont | B18: =B17 -> 1020.5461 | C18: =C17 -> 1491.8999 | D18: =D17 -> 1441.3851 | E18: Cały koszt węzła jest stały — dołożenie konta nie kosztuje nic po stronie infrastruktury.
A20: Porównanie wariantów przy overcommicie 4×/4×/2× i bazie z oferty
A21: Pozycja | B21: A — OVH Rise-S | C21: B — Hetzner AX102 | D21: C — OVH Advance-2 (WAW1) | E21: Uwaga
A22: Kont na węźle | B22: =FLOOR(MIN(B8*(1-Zalozenia!$B$36)*4/Zalozenia!$B$23,B7*(1-Zalozenia!$B$36)*4/Zalozenia!$B$24,B9*(1-Zalozenia!$B$36)*2/Zalozenia!$B$25),1) -> 25 | C22: =FLOOR(MIN(C8*(1-Zalozenia!$B$36)*4/Zalozenia!$B$23,C7*(1-Zalozenia!$B$36)*4/Zalozenia!$B$24,C9*(1-Zalozenia!$B$36)*2/Zalozenia!$B$25),1) -> 51 | D22: =FLOOR(MIN(D8*(1-Zalozenia!$B$36)*4/Zalozenia!$B$23,D7*(1-Zalozenia!$B$36)*4/Zalozenia!$B$24,D9*(1-Zalozenia!$B$36)*2/Zalozenia!$B$25),1) -> 30 | E22: Ten sam overcommit dla wszystkich — różnicę robi sam sprzęt.
A23: Zasób ograniczający | B23: =IF(B9*(1-Zalozenia!$B$36)*2/Zalozenia!$B$25<=MIN(B8*(1-Zalozenia!$B$36)*4/Zalozenia!$B$23,B7*(1-Zalozenia!$B$36)*4/Zalozenia!$B$24),"dysk","RAM/CPU") -> RAM/CPU | C23: =IF(C9*(1-Zalozenia!$B$36)*2/Zalozenia!$B$25<=MIN(C8*(1-Zalozenia!$B$36)*4/Zalozenia!$B$23,C7*(1-Zalozenia!$B$36)*4/Zalozenia!$B$24),"dysk","RAM/CPU") -> RAM/CPU | D23: =IF(D9*(1-Zalozenia!$B$36)*2/Zalozenia!$B$25<=MIN(D8*(1-Zalozenia!$B$36)*4/Zalozenia!$B$23,D7*(1-Zalozenia!$B$36)*4/Zalozenia!$B$24),"dysk","RAM/CPU") -> dysk | E23: Gdzie dysk jest wąskim gardłem, większy procesor nie pomoże.
A24: Cena progowa brutto / mies. (wynik = 0) | B24: =(B17/B22+Zalozenia!$B$46)/(1-Zalozenia!$B$15)*(1+Zalozenia!$B$8) -> 58.706288 | C24: =(C17/C22+Zalozenia!$B$46)/(1-Zalozenia!$B$15)*(1+Zalozenia!$B$8) -> 44.200933 | D24: =(D17/D22+Zalozenia!$B$46)/(1-Zalozenia!$B$15)*(1+Zalozenia!$B$8) -> 67.764311 | E24: Poniżej 45 zł = wariant się broni. Powyżej = przy tej cenie węzeł dokłada do interesu.
A25: Różnica wobec ceny 45 zł | B25: =Zalozenia!$B$12-B24 -> -13.706288 | C25: =Zalozenia!$B$12-C24 -> 0.79906692 | D25: =Zalozenia!$B$12-D24 -> -22.764311 | E25: To jest zapas na konto. Ujemny = wariant wyklucza obecną cenę.
A27: Wariant przyjęty do dalszych obliczeń
A28: Wariant (B/C/D — litera kolumny) | B28: C | E28: B = OVH Rise-S, C = Hetzner AX102, D = OVH Advance-2
A29: Koszt wybranego węzła / mies. | B29: =INDEX(B17:D17,MATCH($B$28,{"B","C","D"},0)) -> 1491.8999
A30: Wątki — wybrany węzeł | B30: =INDEX(B7:D7,MATCH($B$28,{"B","C","D"},0)) -> 32
A31: RAM (GB) — wybrany węzeł | B31: =INDEX(B8:D8,MATCH($B$28,{"B","C","D"},0)) -> 128
A32: Dysk (GB) — wybrany węzeł | B32: =INDEX(B9:D9,MATCH($B$28,{"B","C","D"},0)) -> 1920

Sheet Gestosc
A1: Ile kont mieści się na węźle
A2: Cztery scenariusze. Pierwszy to nie prognoza — to zachowanie kodu, który jest na produkcji dzisiaj.
A4: Jak kod dzisiaj przydziela konta | G4: kolumny pomocnicze →
A5: ProvisioningService (apps/api/src/subscriptions/provisioning.service.ts:299–301) po każdym założeniu konta
A6: zwiększa allocatedCpu / allocatedMemory / allocatedDisk o PEŁNE limity planu — nie o realne zużycie.
A7: NodeSelectorService (node-selector.service.ts:109–115) wpuszcza konto tylko, gdy wolne = total − allocated
A8: jest większe niż limit planu powiększony o rezerwę headroom.
A10: To znaczy: 8 GB bazy w ofercie = 8 GB zarezerwowane w księgowości węzła. Bez nadsubskrypcji.
A12: Scenariusz | B12: Overcommit RAM | C12: Overcommit CPU | D12: Overcommit dysku | E12: Kont na węzeł | F12: Co to znaczy | G12: Headroom | H12: Baza RAM | I12: Baza CPU | J12: Baza dysk
A13: S0 — kod dzisiaj, headroom 0% | B13: 1 | C13: 1 | D13: 1 | E13: =FLOOR(MIN((Wezel!$B$31*(1-G13)*B13/H13),(Wezel!$B$30*(1-G13)*C13/I13),(Wezel!$B$32*(1-G13)*D13/J13)),1) -> 16 | F13: Stan faktyczny na produkcji. reservedHeadroomPercent ma default 0. | G13: 0 | H13: =Zalozenia!$B$23 -> 8 | I13: =Zalozenia!$B$24 -> 2 | J13: =Zalozenia!$B$25 -> 50
A14: S1 — kod dzisiaj + polityka headroom 20% | B14: 1 | C14: 1 | D14: 1 | E14: =FLOOR(MIN((Wezel!$B$31*(1-G14)*B14/H14),(Wezel!$B$30*(1-G14)*C14/I14),(Wezel!$B$32*(1-G14)*D14/J14)),1) -> 12 | F14: Docelowa polityka pojemności z FLEET_SCALING.md, gdyby ją włączyć. | G14: =Zalozenia!$B$36 -> 0.2 | H14: =Zalozenia!$B$23 -> 8 | I14: =Zalozenia!$B$24 -> 2 | J14: =Zalozenia!$B$25 -> 50
A15: S2 — overcommit branżowy | B15: 4 | C15: 4 | D15: 2 | E15: =FLOOR(MIN((Wezel!$B$31*(1-G15)*B15/H15),(Wezel!$B$30*(1-G15)*C15/I15),(Wezel!$B$32*(1-G15)*D15/J15)),1) -> 51 | F15: RAM i CPU to limity burst, nie rezerwacje — nadsubskrypcja jest normą. Dysk ostrożniej. | G15: =Zalozenia!$B$36 -> 0.2 | H15: =Zalozenia!$B$23 -> 8 | I15: =Zalozenia!$B$24 -> 2 | J15: =Zalozenia!$B$25 -> 50
A16: S3 — overcommit + urealniona baza | B16: 4 | C16: 4 | D16: 2 | E16: =FLOOR(MIN((Wezel!$B$31*(1-G16)*B16/H16),(Wezel!$B$30*(1-G16)*C16/I16),(Wezel!$B$32*(1-G16)*D16/J16)),1) -> 102 | F16: Jak S2, ale baza pakietu zmniejszona (patrz komórki poniżej). | G16: =Zalozenia!$B$36 -> 0.2 | H16: 2 | I16: 1 | J16: 20
A18: Uwaga po wdrożeniu Z-12 (2026-08-22)
A19: Ten arkusz liczy headroom tak, jak robił to kod PRZED poprawką: odejmuje rezerwę od pojemności
A20: porównywanej z sumą limitów planów. Wdrożona wersja robi inaczej — headroom chroni REALNE zużycie,
A21: a nie księgę handlową, bo „rezerwa pod burst” zabezpiecza przed zdarzeniem fizycznym.
A23: Praktyczna różnica: w scenariuszu S2 arkusz podaje 51 kont, a kod wpuszcza 64. Model jest więc
A24: zachowawczy wobec implementacji, nie z nią sprzeczny — decyzja cenowa oparta na 51 kontach
A25: obowiązuje tym bardziej. Arkusz zostaje przy wersji ostrożniejszej celowo.
A27: Który zasób ogranicza (wybrany węzeł, scenariusz S2)
A28: Zasób | B28: Pojemność węzła | C28: Na konto | D28: Kont zmieści | F28: Uwaga
A29: RAM (GB) | B29: =Wezel!$B$31*(1-G15) -> 102.4 | C29: =H15/B15 -> 2 | D29: =FLOOR(B29/C29,1) -> 51 | F29: LVE MemoryMax to twardy sufit, nie rezerwacja — nadsubskrypcja jest bezpieczna do progu realnego zużycia.
A30: CPU (wątki) | B30: =Wezel!$B$30*(1-G15) -> 25.6 | C30: =I15/C15 -> 0.5 | D30: =FLOOR(B30/C30,1) -> 51 | F30: LVE SPEED ogranicza szczyt. Nadsubskrypcja standardowa.
A31: Dysk (GB) | B31: =Wezel!$B$32*(1-G15) -> 1536 | C31: =J15/D15 -> 25 | D31: =FLOOR(B31/C31,1) -> 61 | F31: TU JEST PROBLEM: quota dyskowa to realna alokacja, klient może ją wypełnić w 100%.
A33: Sprawdzenie realnego zużycia wobec pojemności (scenariusz S2)
A34: Zasób | B34: Kont × realne zużycie | C34: Pojemność węzła | D34: Wykorzystanie | F34: Werdykt
A35: RAM (GB) | B35: =E15*Zalozenia!$B$30 -> 25.5 | C35: =Wezel!$B$31 -> 128 | D35: =B35/C35 -> 0.19921875 | F35: =IF(D35>0.85,"PRZEKROCZONE — overcommit za agresywny",IF(D35>0.6,"ciasno, ale mieści się","zapas jest")) -> zapas jest
A36: CPU (wątki) | B36: =E15*Zalozenia!$B$31 -> 4.08 | C36: =Wezel!$B$30 -> 32 | D36: =B36/C36 -> 0.1275 | F36: =IF(D36>0.85,"PRZEKROCZONE — overcommit za agresywny",IF(D36>0.6,"ciasno, ale mieści się","zapas jest")) -> zapas jest
A37: Dysk (GB) | B37: =E15*Zalozenia!$B$32 -> 408 | C37: =Wezel!$B$32 -> 1920 | D37: =B37/C37 -> 0.2125 | F37: =IF(D37>0.85,"PRZEKROCZONE — overcommit za agresywny",IF(D37>0.6,"ciasno, ale mieści się","zapas jest")) -> zapas jest
A39: Ten blok jest testem spójności: jeśli overcommit ze scenariusza daje realne zużycie powyżej
A40: pojemności węzła, to scenariusz jest fantazją, a nie planem.

Sheet Marza
A1: Rachunek wyniku na węzeł i próg rentowności
A2: Kolumny odpowiadają scenariuszom z zakładki Gestosc.
A4: Pozycja | B4: S0 — kod dzisiaj | C4: S1 — headroom 20% | D4: S2 — overcommit | E4: S3 — urealniona baza | F4: Uwaga
A5: Kont na węźle | B5: =Gestosc!$E$13 -> 16 | C5: =Gestosc!$E$14 -> 12 | D5: =Gestosc!$E$15 -> 51 | E5: =Gestosc!$E$16 -> 102 | F5: z zakładki Gestosc
A6: Przychód netto po prowizji / mies. | B6: =B5*Zalozenia!$B$19 -> 514.26732 | C6: =C5*Zalozenia!$B$19 -> 385.70049 | D6: =D5*Zalozenia!$B$19 -> 1639.2271 | E6: =E5*Zalozenia!$B$19 -> 3278.4541 | F6: kont × ARPU netto po prowizji operatora
A7: Koszt węzła (sprzęt + licencje + backup + control-plane) | B7: =-Wezel!$B$29 -> -1491.8999 | C7: =-Wezel!$B$29 -> -1491.8999 | D7: =-Wezel!$B$29 -> -1491.8999 | E7: =-Wezel!$B$29 -> -1491.8999 | F7: koszt stały — nie zależy od liczby kont
A8: Koszt wsparcia | B8: =-B5*Zalozenia!$B$46 -> -96 | C8: =-C5*Zalozenia!$B$46 -> -72 | D8: =-D5*Zalozenia!$B$46 -> -306 | E8: =-E5*Zalozenia!$B$46 -> -612 | F8: jedyny koszt rosnący z liczbą kont
A9: WYNIK na węźle / mies. | B9: =SUM(B6:B8) -> -1073.6326 | C9: =SUM(C6:C8) -> -1178.1994 | D9: =SUM(D6:D8) -> -158.67283 | E9: =SUM(E6:E8) -> 1174.5542 | F9: poniżej zera = każdy miesiąc działania węzła kosztuje
A10: Wynik na konto / mies. | B10: =IF(B5=0,0,B9/B5) -> -67.102037 | C10: =IF(C5=0,0,C9/C5) -> -98.183285 | D10: =IF(D5=0,0,D9/D5) -> -3.111232 | E10: =IF(E5=0,0,E9/E5) -> 11.515238 | F10: marża jednostkowa
A11: Marża jako % przychodu | B11: =IF(B6=0,0,B9/B6) -> -2.0876936 | C11: =IF(C6=0,0,C9/C6) -> -3.0547004 | D11: =IF(D6=0,0,D9/D6) -> -0.096797347 | E11: =IF(E6=0,0,E9/E6) -> 0.35826465
A13: Próg rentowności
A14: Pozycja | B14: Wartość | F14: Uwaga
A15: Marża pokrycia na konto (przychód − wsparcie) | B15: =Zalozenia!$B$19-Zalozenia!$B$46 -> 26.141707 | F15: ile jedno konto dokłada do pokrycia kosztu stałego węzła
A16: Próg rentowności — kont na węzeł | B16: =IF(B15<=0,"cena nie pokrywa nawet wsparcia",CEILING(Wezel!$B$29/B15,1)) -> 58 | F16: koszt stały węzła / marża pokrycia
A17: Ile razy trzeba nadsubskrybować RAM, żeby tyle kont weszło | B17: =IF(ISNUMBER(B16),B16*Zalozenia!$B$23/Wezel!$B$31,"—") -> 3.625 | F17: przy bazie 8 GB w ofercie
A18: Ile razy trzeba nadsubskrybować dysk | B18: =IF(ISNUMBER(B16),B16*Zalozenia!$B$25/Wezel!$B$32,"—") -> 1.5104167 | F18: przy bazie 50 GB. Powyżej 1,0× oznacza, że sprzedajesz więcej dysku niż masz.
A19: Realne zajęcie dysku przy progu rentowności | B19: =IF(ISNUMBER(B16),B16*Zalozenia!$B$32/Wezel!$B$32,"—") -> 0.24166667 | F19: przy założonym realnym zajęciu — pokazuje, czy nadsubskrypcja dysku jest do obrony
A21: Cena, przy której S1 (kod dzisiaj + headroom) wychodzi na zero
A22: Wymagana cena brutto / mies. | B22: =IF(C5=0,"—",(Wezel!$B$29/C5+Zalozenia!$B$46)/(1-Zalozenia!$B$15)*(1+Zalozenia!$B$8)) -> 163.40442 | F22: gdyby nie zmieniać nic w kodzie ani w ofercie, tylko cenę
A23: Wymagana cena brutto / mies. — scenariusz S2 | B23: =IF(D5=0,"—",(Wezel!$B$29/D5+Zalozenia!$B$46)/(1-Zalozenia!$B$15)*(1+Zalozenia!$B$8)) -> 44.200933 | F23: przy overcommicie 4×/4×/2×

Sheet Wrazliwosc
A1: Wrażliwość wyniku
A2: Wynik miesięczny na węźle. Wiersze: overcommit RAM/CPU. Kolumny: cena brutto.
A4: Siatka 1 — wynik na węźle w zł/mies.
A5: Overcommit ↓ / cena brutto → | B5: 39 | C5: 45 | D5: 49 | E5: 59 | F5: 69 | G5: 79
A6: 1 | B6: =FLOOR(MIN(Wezel!$B$31*(1-Zalozenia!$B$36)*$A6/Zalozenia!$B$23,Wezel!$B$30*(1-Zalozenia!$B$36)*$A6/Zalozenia!$B$24,Wezel!$B$32*(1-Zalozenia!$B$36)*MAX($A6/2,1)/Zalozenia!$B$25),1)*((39/(1+Zalozenia!$B$8)*(1-Zalozenia!$B$14)+39*(Zalozenia!$B$13/Zalozenia!$B$12/12)/(1+Zalozenia!$B$8)*Zalozenia!$B$14)*(1-Zalozenia!$B$15)-Zalozenia!$B$46)-Wezel!$B$29 -> -1229.6261 | C6: =FLOOR(MIN(Wezel!$B$31*(1-Zalozenia!$B$36)*$A6/Zalozenia!$B$23,Wezel!$B$30*(1-Zalozenia!$B$36)*$A6/Zalozenia!$B$24,Wezel!$B$32*(1-Zalozenia!$B$36)*MAX($A6/2,1)/Zalozenia!$B$25),1)*((45/(1+Zalozenia!$B$8)*(1-Zalozenia!$B$14)+45*(Zalozenia!$B$13/Zalozenia!$B$12/12)/(1+Zalozenia!$B$8)*Zalozenia!$B$14)*(1-Zalozenia!$B$15)-Zalozenia!$B$46)-Wezel!$B$29 -> -1178.1994 | D6: =FLOOR(MIN(Wezel!$B$31*(1-Zalozenia!$B$36)*$A6/Zalozenia!$B$23,Wezel!$B$30*(1-Zalozenia!$B$36)*$A6/Zalozenia!$B$24,Wezel!$B$32*(1-Zalozenia!$B$36)*MAX($A6/2,1)/Zalozenia!$B$25),1)*((49/(1+Zalozenia!$B$8)*(1-Zalozenia!$B$14)+49*(Zalozenia!$B$13/Zalozenia!$B$12/12)/(1+Zalozenia!$B$8)*Zalozenia!$B$14)*(1-Zalozenia!$B$15)-Zalozenia!$B$46)-Wezel!$B$29 -> -1143.9149 | E6: =FLOOR(MIN(Wezel!$B$31*(1-Zalozenia!$B$36)*$A6/Zalozenia!$B$23,Wezel!$B$30*(1-Zalozenia!$B$36)*$A6/Zalozenia!$B$24,Wezel!$B$32*(1-Zalozenia!$B$36)*MAX($A6/2,1)/Zalozenia!$B$25),1)*((59/(1+Zalozenia!$B$8)*(1-Zalozenia!$B$14)+59*(Zalozenia!$B$13/Zalozenia!$B$12/12)/(1+Zalozenia!$B$8)*Zalozenia!$B$14)*(1-Zalozenia!$B$15)-Zalozenia!$B$46)-Wezel!$B$29 -> -1058.2037 | F6: =FLOOR(MIN(Wezel!$B$31*(1-Zalozenia!$B$36)*$A6/Zalozenia!$B$23,Wezel!$B$30*(1-Zalozenia!$B$36)*$A6/Zalozenia!$B$24,Wezel!$B$32*(1-Zalozenia!$B$36)*MAX($A6/2,1)/Zalozenia!$B$25),1)*((69/(1+Zalozenia!$B$8)*(1-Zalozenia!$B$14)+69*(Zalozenia!$B$13/Zalozenia!$B$12/12)/(1+Zalozenia!$B$8)*Zalozenia!$B$14)*(1-Zalozenia!$B$15)-Zalozenia!$B$46)-Wezel!$B$29 -> -972.49249 | G6: =FLOOR(MIN(Wezel!$B$31*(1-Zalozenia!$B$36)*$A6/Zalozenia!$B$23,Wezel!$B$30*(1-Zalozenia!$B$36)*$A6/Zalozenia!$B$24,Wezel!$B$32*(1-Zalozenia!$B$36)*MAX($A6/2,1)/Zalozenia!$B$25),1)*((79/(1+Zalozenia!$B$8)*(1-Zalozenia!$B$14)+79*(Zalozenia!$B$13/Zalozenia!$B$12/12)/(1+Zalozenia!$B$8)*Zalozenia!$B$14)*(1-Zalozenia!$B$15)-Zalozenia!$B$46)-Wezel!$B$29 -> -886.78127
A7: 2 | B7: =FLOOR(MIN(Wezel!$B$31*(1-Zalozenia!$B$36)*$A7/Zalozenia!$B$23,Wezel!$B$30*(1-Zalozenia!$B$36)*$A7/Zalozenia!$B$24,Wezel!$B$32*(1-Zalozenia!$B$36)*MAX($A7/2,1)/Zalozenia!$B$25),1)*((39/(1+Zalozenia!$B$8)*(1-Zalozenia!$B$14)+39*(Zalozenia!$B$13/Zalozenia!$B$12/12)/(1+Zalozenia!$B$8)*Zalozenia!$B$14)*(1-Zalozenia!$B$15)-Zalozenia!$B$46)-Wezel!$B$29 -> -945.49625 | C7: =FLOOR(MIN(Wezel!$B$31*(1-Zalozenia!$B$36)*$A7/Zalozenia!$B$23,Wezel!$B$30*(1-Zalozenia!$B$36)*$A7/Zalozenia!$B$24,Wezel!$B$32*(1-Zalozenia!$B$36)*MAX($A7/2,1)/Zalozenia!$B$25),1)*((45/(1+Zalozenia!$B$8)*(1-Zalozenia!$B$14)+45*(Zalozenia!$B$13/Zalozenia!$B$12/12)/(1+Zalozenia!$B$8)*Zalozenia!$B$14)*(1-Zalozenia!$B$15)-Zalozenia!$B$46)-Wezel!$B$29 -> -838.35722 | D7: =FLOOR(MIN(Wezel!$B$31*(1-Zalozenia!$B$36)*$A7/Zalozenia!$B$23,Wezel!$B$30*(1-Zalozenia!$B$36)*$A7/Zalozenia!$B$24,Wezel!$B$32*(1-Zalozenia!$B$36)*MAX($A7/2,1)/Zalozenia!$B$25),1)*((49/(1+Zalozenia!$B$8)*(1-Zalozenia!$B$14)+49*(Zalozenia!$B$13/Zalozenia!$B$12/12)/(1+Zalozenia!$B$8)*Zalozenia!$B$14)*(1-Zalozenia!$B$15)-Zalozenia!$B$46)-Wezel!$B$29 -> -766.93121 | E7: =FLOOR(MIN(Wezel!$B$31*(1-Zalozenia!$B$36)*$A7/Zalozenia!$B$23,Wezel!$B$30*(1-Zalozenia!$B$36)*$A7/Zalozenia!$B$24,Wezel!$B$32*(1-Zalozenia!$B$36)*MAX($A7/2,1)/Zalozenia!$B$25),1)*((59/(1+Zalozenia!$B$8)*(1-Zalozenia!$B$14)+59*(Zalozenia!$B$13/Zalozenia!$B$12/12)/(1+Zalozenia!$B$8)*Zalozenia!$B$14)*(1-Zalozenia!$B$15)-Zalozenia!$B$46)-Wezel!$B$29 -> -588.36617 | F7: =FLOOR(MIN(Wezel!$B$31*(1-Zalozenia!$B$36)*$A7/Zalozenia!$B$23,Wezel!$B$30*(1-Zalozenia!$B$36)*$A7/Zalozenia!$B$24,Wezel!$B$32*(1-Zalozenia!$B$36)*MAX($A7/2,1)/Zalozenia!$B$25),1)*((69/(1+Zalozenia!$B$8)*(1-Zalozenia!$B$14)+69*(Zalozenia!$B$13/Zalozenia!$B$12/12)/(1+Zalozenia!$B$8)*Zalozenia!$B$14)*(1-Zalozenia!$B$15)-Zalozenia!$B$46)-Wezel!$B$29 -> -409.80112 | G7: =FLOOR(MIN(Wezel!$B$31*(1-Zalozenia!$B$36)*$A7/Zalozenia!$B$23,Wezel!$B$30*(1-Zalozenia!$B$36)*$A7/Zalozenia!$B$24,Wezel!$B$32*(1-Zalozenia!$B$36)*MAX($A7/2,1)/Zalozenia!$B$25),1)*((79/(1+Zalozenia!$B$8)*(1-Zalozenia!$B$14)+79*(Zalozenia!$B$13/Zalozenia!$B$12/12)/(1+Zalozenia!$B$8)*Zalozenia!$B$14)*(1-Zalozenia!$B$15)-Zalozenia!$B$46)-Wezel!$B$29 -> -231.23608
A8: 3 | B8: =FLOOR(MIN(Wezel!$B$31*(1-Zalozenia!$B$36)*$A8/Zalozenia!$B$23,Wezel!$B$30*(1-Zalozenia!$B$36)*$A8/Zalozenia!$B$24,Wezel!$B$32*(1-Zalozenia!$B$36)*MAX($A8/2,1)/Zalozenia!$B$25),1)*((39/(1+Zalozenia!$B$8)*(1-Zalozenia!$B$14)+39*(Zalozenia!$B$13/Zalozenia!$B$12/12)/(1+Zalozenia!$B$8)*Zalozenia!$B$14)*(1-Zalozenia!$B$15)-Zalozenia!$B$46)-Wezel!$B$29 -> -661.36634 | C8: =FLOOR(MIN(Wezel!$B$31*(1-Zalozenia!$B$36)*$A8/Zalozenia!$B$23,Wezel!$B$30*(1-Zalozenia!$B$36)*$A8/Zalozenia!$B$24,Wezel!$B$32*(1-Zalozenia!$B$36)*MAX($A8/2,1)/Zalozenia!$B$25),1)*((45/(1+Zalozenia!$B$8)*(1-Zalozenia!$B$14)+45*(Zalozenia!$B$13/Zalozenia!$B$12/12)/(1+Zalozenia!$B$8)*Zalozenia!$B$14)*(1-Zalozenia!$B$15)-Zalozenia!$B$46)-Wezel!$B$29 -> -498.51503 | D8: =FLOOR(MIN(Wezel!$B$31*(1-Zalozenia!$B$36)*$A8/Zalozenia!$B$23,Wezel!$B$30*(1-Zalozenia!$B$36)*$A8/Zalozenia!$B$24,Wezel!$B$32*(1-Zalozenia!$B$36)*MAX($A8/2,1)/Zalozenia!$B$25),1)*((49/(1+Zalozenia!$B$8)*(1-Zalozenia!$B$14)+49*(Zalozenia!$B$13/Zalozenia!$B$12/12)/(1+Zalozenia!$B$8)*Zalozenia!$B$14)*(1-Zalozenia!$B$15)-Zalozenia!$B$46)-Wezel!$B$29 -> -389.94748 | E8: =FLOOR(MIN(Wezel!$B$31*(1-Zalozenia!$B$36)*$A8/Zalozenia!$B$23,Wezel!$B$30*(1-Zalozenia!$B$36)*$A8/Zalozenia!$B$24,Wezel!$B$32*(1-Zalozenia!$B$36)*MAX($A8/2,1)/Zalozenia!$B$25),1)*((59/(1+Zalozenia!$B$8)*(1-Zalozenia!$B$14)+59*(Zalozenia!$B$13/Zalozenia!$B$12/12)/(1+Zalozenia!$B$8)*Zalozenia!$B$14)*(1-Zalozenia!$B$15)-Zalozenia!$B$46)-Wezel!$B$29 -> -118.52862 | F8: =FLOOR(MIN(Wezel!$B$31*(1-Zalozenia!$B$36)*$A8/Zalozenia!$B$23,Wezel!$B$30*(1-Zalozenia!$B$36)*$A8/Zalozenia!$B$24,Wezel!$B$32*(1-Zalozenia!$B$36)*MAX($A8/2,1)/Zalozenia!$B$25),1)*((69/(1+Zalozenia!$B$8)*(1-Zalozenia!$B$14)+69*(Zalozenia!$B$13/Zalozenia!$B$12/12)/(1+Zalozenia!$B$8)*Zalozenia!$B$14)*(1-Zalozenia!$B$15)-Zalozenia!$B$46)-Wezel!$B$29 -> 152.89024 | G8: =FLOOR(MIN(Wezel!$B$31*(1-Zalozenia!$B$36)*$A8/Zalozenia!$B$23,Wezel!$B$30*(1-Zalozenia!$B$36)*$A8/Zalozenia!$B$24,Wezel!$B$32*(1-Zalozenia!$B$36)*MAX($A8/2,1)/Zalozenia!$B$25),1)*((79/(1+Zalozenia!$B$8)*(1-Zalozenia!$B$14)+79*(Zalozenia!$B$13/Zalozenia!$B$12/12)/(1+Zalozenia!$B$8)*Zalozenia!$B$14)*(1-Zalozenia!$B$15)-Zalozenia!$B$46)-Wezel!$B$29 -> 424.3091
A9: 4 | B9: =FLOOR(MIN(Wezel!$B$31*(1-Zalozenia!$B$36)*$A9/Zalozenia!$B$23,Wezel!$B$30*(1-Zalozenia!$B$36)*$A9/Zalozenia!$B$24,Wezel!$B$32*(1-Zalozenia!$B$36)*MAX($A9/2,1)/Zalozenia!$B$25),1)*((39/(1+Zalozenia!$B$8)*(1-Zalozenia!$B$14)+39*(Zalozenia!$B$13/Zalozenia!$B$12/12)/(1+Zalozenia!$B$8)*Zalozenia!$B$14)*(1-Zalozenia!$B$15)-Zalozenia!$B$46)-Wezel!$B$29 -> -377.23644 | C9: =FLOOR(MIN(Wezel!$B$31*(1-Zalozenia!$B$36)*$A9/Zalozenia!$B$23,Wezel!$B$30*(1-Zalozenia!$B$36)*$A9/Zalozenia!$B$24,Wezel!$B$32*(1-Zalozenia!$B$36)*MAX($A9/2,1)/Zalozenia!$B$25),1)*((45/(1+Zalozenia!$B$8)*(1-Zalozenia!$B$14)+45*(Zalozenia!$B$13/Zalozenia!$B$12/12)/(1+Zalozenia!$B$8)*Zalozenia!$B$14)*(1-Zalozenia!$B$15)-Zalozenia!$B$46)-Wezel!$B$29 -> -158.67283 | D9: =FLOOR(MIN(Wezel!$B$31*(1-Zalozenia!$B$36)*$A9/Zalozenia!$B$23,Wezel!$B$30*(1-Zalozenia!$B$36)*$A9/Zalozenia!$B$24,Wezel!$B$32*(1-Zalozenia!$B$36)*MAX($A9/2,1)/Zalozenia!$B$25),1)*((49/(1+Zalozenia!$B$8)*(1-Zalozenia!$B$14)+49*(Zalozenia!$B$13/Zalozenia!$B$12/12)/(1+Zalozenia!$B$8)*Zalozenia!$B$14)*(1-Zalozenia!$B$15)-Zalozenia!$B$46)-Wezel!$B$29 -> -12.963759 | E9: =FLOOR(MIN(Wezel!$B$31*(1-Zalozenia!$B$36)*$A9/Zalozenia!$B$23,Wezel!$B$30*(1-Zalozenia!$B$36)*$A9/Zalozenia!$B$24,Wezel!$B$32*(1-Zalozenia!$B$36)*MAX($A9/2,1)/Zalozenia!$B$25),1)*((59/(1+Zalozenia!$B$8)*(1-Zalozenia!$B$14)+59*(Zalozenia!$B$13/Zalozenia!$B$12/12)/(1+Zalozenia!$B$8)*Zalozenia!$B$14)*(1-Zalozenia!$B$15)-Zalozenia!$B$46)-Wezel!$B$29 -> 351.30892 | F9: =FLOOR(MIN(Wezel!$B$31*(1-Zalozenia!$B$36)*$A9/Zalozenia!$B$23,Wezel!$B$30*(1-Zalozenia!$B$36)*$A9/Zalozenia!$B$24,Wezel!$B$32*(1-Zalozenia!$B$36)*MAX($A9/2,1)/Zalozenia!$B$25),1)*((69/(1+Zalozenia!$B$8)*(1-Zalozenia!$B$14)+69*(Zalozenia!$B$13/Zalozenia!$B$12/12)/(1+Zalozenia!$B$8)*Zalozenia!$B$14)*(1-Zalozenia!$B$15)-Zalozenia!$B$46)-Wezel!$B$29 -> 715.58161 | G9: =FLOOR(MIN(Wezel!$B$31*(1-Zalozenia!$B$36)*$A9/Zalozenia!$B$23,Wezel!$B$30*(1-Zalozenia!$B$36)*$A9/Zalozenia!$B$24,Wezel!$B$32*(1-Zalozenia!$B$36)*MAX($A9/2,1)/Zalozenia!$B$25),1)*((79/(1+Zalozenia!$B$8)*(1-Zalozenia!$B$14)+79*(Zalozenia!$B$13/Zalozenia!$B$12/12)/(1+Zalozenia!$B$8)*Zalozenia!$B$14)*(1-Zalozenia!$B$15)-Zalozenia!$B$46)-Wezel!$B$29 -> 1079.8543
A10: 5 | B10: =FLOOR(MIN(Wezel!$B$31*(1-Zalozenia!$B$36)*$A10/Zalozenia!$B$23,Wezel!$B$30*(1-Zalozenia!$B$36)*$A10/Zalozenia!$B$24,Wezel!$B$32*(1-Zalozenia!$B$36)*MAX($A10/2,1)/Zalozenia!$B$25),1)*((39/(1+Zalozenia!$B$8)*(1-Zalozenia!$B$14)+39*(Zalozenia!$B$13/Zalozenia!$B$12/12)/(1+Zalozenia!$B$8)*Zalozenia!$B$14)*(1-Zalozenia!$B$15)-Zalozenia!$B$46)-Wezel!$B$29 -> -93.106539 | C10: =FLOOR(MIN(Wezel!$B$31*(1-Zalozenia!$B$36)*$A10/Zalozenia!$B$23,Wezel!$B$30*(1-Zalozenia!$B$36)*$A10/Zalozenia!$B$24,Wezel!$B$32*(1-Zalozenia!$B$36)*MAX($A10/2,1)/Zalozenia!$B$25),1)*((45/(1+Zalozenia!$B$8)*(1-Zalozenia!$B$14)+45*(Zalozenia!$B$13/Zalozenia!$B$12/12)/(1+Zalozenia!$B$8)*Zalozenia!$B$14)*(1-Zalozenia!$B$15)-Zalozenia!$B$46)-Wezel!$B$29 -> 181.16936 | D10: =FLOOR(MIN(Wezel!$B$31*(1-Zalozenia!$B$36)*$A10/Zalozenia!$B$23,Wezel!$B$30*(1-Zalozenia!$B$36)*$A10/Zalozenia!$B$24,Wezel!$B$32*(1-Zalozenia!$B$36)*MAX($A10/2,1)/Zalozenia!$B$25),1)*((49/(1+Zalozenia!$B$8)*(1-Zalozenia!$B$14)+49*(Zalozenia!$B$13/Zalozenia!$B$12/12)/(1+Zalozenia!$B$8)*Zalozenia!$B$14)*(1-Zalozenia!$B$15)-Zalozenia!$B$46)-Wezel!$B$29 -> 364.01996 | E10: =FLOOR(MIN(Wezel!$B$31*(1-Zalozenia!$B$36)*$A10/Zalozenia!$B$23,Wezel!$B$30*(1-Zalozenia!$B$36)*$A10/Zalozenia!$B$24,Wezel!$B$32*(1-Zalozenia!$B$36)*MAX($A10/2,1)/Zalozenia!$B$25),1)*((59/(1+Zalozenia!$B$8)*(1-Zalozenia!$B$14)+59*(Zalozenia!$B$13/Zalozenia!$B$12/12)/(1+Zalozenia!$B$8)*Zalozenia!$B$14)*(1-Zalozenia!$B$15)-Zalozenia!$B$46)-Wezel!$B$29 -> 821.14647 | F10: =FLOOR(MIN(Wezel!$B$31*(1-Zalozenia!$B$36)*$A10/Zalozenia!$B$23,Wezel!$B$30*(1-Zalozenia!$B$36)*$A10/Zalozenia!$B$24,Wezel!$B$32*(1-Zalozenia!$B$36)*MAX($A10/2,1)/Zalozenia!$B$25),1)*((69/(1+Zalozenia!$B$8)*(1-Zalozenia!$B$14)+69*(Zalozenia!$B$13/Zalozenia!$B$12/12)/(1+Zalozenia!$B$8)*Zalozenia!$B$14)*(1-Zalozenia!$B$15)-Zalozenia!$B$46)-Wezel!$B$29 -> 1278.273 | G10: =FLOOR(MIN(Wezel!$B$31*(1-Zalozenia!$B$36)*$A10/Zalozenia!$B$23,Wezel!$B$30*(1-Zalozenia!$B$36)*$A10/Zalozenia!$B$24,Wezel!$B$32*(1-Zalozenia!$B$36)*MAX($A10/2,1)/Zalozenia!$B$25),1)*((79/(1+Zalozenia!$B$8)*(1-Zalozenia!$B$14)+79*(Zalozenia!$B$13/Zalozenia!$B$12/12)/(1+Zalozenia!$B$8)*Zalozenia!$B$14)*(1-Zalozenia!$B$15)-Zalozenia!$B$46)-Wezel!$B$29 -> 1735.3995
A11: 6 | B11: =FLOOR(MIN(Wezel!$B$31*(1-Zalozenia!$B$36)*$A11/Zalozenia!$B$23,Wezel!$B$30*(1-Zalozenia!$B$36)*$A11/Zalozenia!$B$24,Wezel!$B$32*(1-Zalozenia!$B$36)*MAX($A11/2,1)/Zalozenia!$B$25),1)*((39/(1+Zalozenia!$B$8)*(1-Zalozenia!$B$14)+39*(Zalozenia!$B$13/Zalozenia!$B$12/12)/(1+Zalozenia!$B$8)*Zalozenia!$B$14)*(1-Zalozenia!$B$15)-Zalozenia!$B$46)-Wezel!$B$29 -> 169.16722 | C11: =FLOOR(MIN(Wezel!$B$31*(1-Zalozenia!$B$36)*$A11/Zalozenia!$B$23,Wezel!$B$30*(1-Zalozenia!$B$36)*$A11/Zalozenia!$B$24,Wezel!$B$32*(1-Zalozenia!$B$36)*MAX($A11/2,1)/Zalozenia!$B$25),1)*((45/(1+Zalozenia!$B$8)*(1-Zalozenia!$B$14)+45*(Zalozenia!$B$13/Zalozenia!$B$12/12)/(1+Zalozenia!$B$8)*Zalozenia!$B$14)*(1-Zalozenia!$B$15)-Zalozenia!$B$46)-Wezel!$B$29 -> 494.86985 | D11: =FLOOR(MIN(Wezel!$B$31*(1-Zalozenia!$B$36)*$A11/Zalozenia!$B$23,Wezel!$B$30*(1-Zalozenia!$B$36)*$A11/Zalozenia!$B$24,Wezel!$B$32*(1-Zalozenia!$B$36)*MAX($A11/2,1)/Zalozenia!$B$25),1)*((49/(1+Zalozenia!$B$8)*(1-Zalozenia!$B$14)+49*(Zalozenia!$B$13/Zalozenia!$B$12/12)/(1+Zalozenia!$B$8)*Zalozenia!$B$14)*(1-Zalozenia!$B$15)-Zalozenia!$B$46)-Wezel!$B$29 -> 712.00494 | E11: =FLOOR(MIN(Wezel!$B$31*(1-Zalozenia!$B$36)*$A11/Zalozenia!$B$23,Wezel!$B$30*(1-Zalozenia!$B$36)*$A11/Zalozenia!$B$24,Wezel!$B$32*(1-Zalozenia!$B$36)*MAX($A11/2,1)/Zalozenia!$B$25),1)*((59/(1+Zalozenia!$B$8)*(1-Zalozenia!$B$14)+59*(Zalozenia!$B$13/Zalozenia!$B$12/12)/(1+Zalozenia!$B$8)*Zalozenia!$B$14)*(1-Zalozenia!$B$15)-Zalozenia!$B$46)-Wezel!$B$29 -> 1254.8427 | F11: =FLOOR(MIN(Wezel!$B$31*(1-Zalozenia!$B$36)*$A11/Zalozenia!$B$23,Wezel!$B$30*(1-Zalozenia!$B$36)*$A11/Zalozenia!$B$24,Wezel!$B$32*(1-Zalozenia!$B$36)*MAX($A11/2,1)/Zalozenia!$B$25),1)*((69/(1+Zalozenia!$B$8)*(1-Zalozenia!$B$14)+69*(Zalozenia!$B$13/Zalozenia!$B$12/12)/(1+Zalozenia!$B$8)*Zalozenia!$B$14)*(1-Zalozenia!$B$15)-Zalozenia!$B$46)-Wezel!$B$29 -> 1797.6804 | G11: =FLOOR(MIN(Wezel!$B$31*(1-Zalozenia!$B$36)*$A11/Zalozenia!$B$23,Wezel!$B$30*(1-Zalozenia!$B$36)*$A11/Zalozenia!$B$24,Wezel!$B$32*(1-Zalozenia!$B$36)*MAX($A11/2,1)/Zalozenia!$B$25),1)*((79/(1+Zalozenia!$B$8)*(1-Zalozenia!$B$14)+79*(Zalozenia!$B$13/Zalozenia!$B$12/12)/(1+Zalozenia!$B$8)*Zalozenia!$B$14)*(1-Zalozenia!$B$15)-Zalozenia!$B$46)-Wezel!$B$29 -> 2340.5181
A12: 8 | B12: =FLOOR(MIN(Wezel!$B$31*(1-Zalozenia!$B$36)*$A12/Zalozenia!$B$23,Wezel!$B$30*(1-Zalozenia!$B$36)*$A12/Zalozenia!$B$24,Wezel!$B$32*(1-Zalozenia!$B$36)*MAX($A12/2,1)/Zalozenia!$B$25),1)*((39/(1+Zalozenia!$B$8)*(1-Zalozenia!$B$14)+39*(Zalozenia!$B$13/Zalozenia!$B$12/12)/(1+Zalozenia!$B$8)*Zalozenia!$B$14)*(1-Zalozenia!$B$15)-Zalozenia!$B$46)-Wezel!$B$29 -> 737.42702 | C12: =FLOOR(MIN(Wezel!$B$31*(1-Zalozenia!$B$36)*$A12/Zalozenia!$B$23,Wezel!$B$30*(1-Zalozenia!$B$36)*$A12/Zalozenia!$B$24,Wezel!$B$32*(1-Zalozenia!$B$36)*MAX($A12/2,1)/Zalozenia!$B$25),1)*((45/(1+Zalozenia!$B$8)*(1-Zalozenia!$B$14)+45*(Zalozenia!$B$13/Zalozenia!$B$12/12)/(1+Zalozenia!$B$8)*Zalozenia!$B$14)*(1-Zalozenia!$B$15)-Zalozenia!$B$46)-Wezel!$B$29 -> 1174.5542 | D12: =FLOOR(MIN(Wezel!$B$31*(1-Zalozenia!$B$36)*$A12/Zalozenia!$B$23,Wezel!$B$30*(1-Zalozenia!$B$36)*$A12/Zalozenia!$B$24,Wezel!$B$32*(1-Zalozenia!$B$36)*MAX($A12/2,1)/Zalozenia!$B$25),1)*((49/(1+Zalozenia!$B$8)*(1-Zalozenia!$B$14)+49*(Zalozenia!$B$13/Zalozenia!$B$12/12)/(1+Zalozenia!$B$8)*Zalozenia!$B$14)*(1-Zalozenia!$B$15)-Zalozenia!$B$46)-Wezel!$B$29 -> 1465.9724 | E12: =FLOOR(MIN(Wezel!$B$31*(1-Zalozenia!$B$36)*$A12/Zalozenia!$B$23,Wezel!$B$30*(1-Zalozenia!$B$36)*$A12/Zalozenia!$B$24,Wezel!$B$32*(1-Zalozenia!$B$36)*MAX($A12/2,1)/Zalozenia!$B$25),1)*((59/(1+Zalozenia!$B$8)*(1-Zalozenia!$B$14)+59*(Zalozenia!$B$13/Zalozenia!$B$12/12)/(1+Zalozenia!$B$8)*Zalozenia!$B$14)*(1-Zalozenia!$B$15)-Zalozenia!$B$46)-Wezel!$B$29 -> 2194.5178 | F12: =FLOOR(MIN(Wezel!$B$31*(1-Zalozenia!$B$36)*$A12/Zalozenia!$B$23,Wezel!$B$30*(1-Zalozenia!$B$36)*$A12/Zalozenia!$B$24,Wezel!$B$32*(1-Zalozenia!$B$36)*MAX($A12/2,1)/Zalozenia!$B$25),1)*((69/(1+Zalozenia!$B$8)*(1-Zalozenia!$B$14)+69*(Zalozenia!$B$13/Zalozenia!$B$12/12)/(1+Zalozenia!$B$8)*Zalozenia!$B$14)*(1-Zalozenia!$B$15)-Zalozenia!$B$46)-Wezel!$B$29 -> 2923.0631 | G12: =FLOOR(MIN(Wezel!$B$31*(1-Zalozenia!$B$36)*$A12/Zalozenia!$B$23,Wezel!$B$30*(1-Zalozenia!$B$36)*$A12/Zalozenia!$B$24,Wezel!$B$32*(1-Zalozenia!$B$36)*MAX($A12/2,1)/Zalozenia!$B$25),1)*((79/(1+Zalozenia!$B$8)*(1-Zalozenia!$B$14)+79*(Zalozenia!$B$13/Zalozenia!$B$12/12)/(1+Zalozenia!$B$8)*Zalozenia!$B$14)*(1-Zalozenia!$B$15)-Zalozenia!$B$46)-Wezel!$B$29 -> 3651.6085
A14: Siatka 2 — liczba kont na węźle przy danym overcommicie
A15: Overcommit | B15: Kont na węzeł | C15: Realne RAM (GB) | D15: Realny dysk (GB) | E15: Wykorzystanie RAM | F15: Wykorzystanie dysku | H15: Werdykt
A16: 1 | B16: =FLOOR(MIN(Wezel!$B$31*(1-Zalozenia!$B$36)*$A16/Zalozenia!$B$23,Wezel!$B$30*(1-Zalozenia!$B$36)*$A16/Zalozenia!$B$24,Wezel!$B$32*(1-Zalozenia!$B$36)*MAX($A16/2,1)/Zalozenia!$B$25),1) -> 12 | C16: =B16*Zalozenia!$B$30 -> 6 | D16: =B16*Zalozenia!$B$32 -> 96 | E16: =C16/Wezel!$B$31 -> 0.046875 | F16: =D16/Wezel!$B$32 -> 0.05 | H16: =IF(OR(E16>0.85,F16>0.85),"za agresywnie",IF(OR(E16>0.6,F16>0.6),"granica","bezpiecznie")) -> bezpiecznie
A17: 2 | B17: =FLOOR(MIN(Wezel!$B$31*(1-Zalozenia!$B$36)*$A17/Zalozenia!$B$23,Wezel!$B$30*(1-Zalozenia!$B$36)*$A17/Zalozenia!$B$24,Wezel!$B$32*(1-Zalozenia!$B$36)*MAX($A17/2,1)/Zalozenia!$B$25),1) -> 25 | C17: =B17*Zalozenia!$B$30 -> 12.5 | D17: =B17*Zalozenia!$B$32 -> 200 | E17: =C17/Wezel!$B$31 -> 0.09765625 | F17: =D17/Wezel!$B$32 -> 0.10416667 | H17: =IF(OR(E17>0.85,F17>0.85),"za agresywnie",IF(OR(E17>0.6,F17>0.6),"granica","bezpiecznie")) -> bezpiecznie
A18: 3 | B18: =FLOOR(MIN(Wezel!$B$31*(1-Zalozenia!$B$36)*$A18/Zalozenia!$B$23,Wezel!$B$30*(1-Zalozenia!$B$36)*$A18/Zalozenia!$B$24,Wezel!$B$32*(1-Zalozenia!$B$36)*MAX($A18/2,1)/Zalozenia!$B$25),1) -> 38 | C18: =B18*Zalozenia!$B$30 -> 19 | D18: =B18*Zalozenia!$B$32 -> 304 | E18: =C18/Wezel!$B$31 -> 0.1484375 | F18: =D18/Wezel!$B$32 -> 0.15833333 | H18: =IF(OR(E18>0.85,F18>0.85),"za agresywnie",IF(OR(E18>0.6,F18>0.6),"granica","bezpiecznie")) -> bezpiecznie
A19: 4 | B19: =FLOOR(MIN(Wezel!$B$31*(1-Zalozenia!$B$36)*$A19/Zalozenia!$B$23,Wezel!$B$30*(1-Zalozenia!$B$36)*$A19/Zalozenia!$B$24,Wezel!$B$32*(1-Zalozenia!$B$36)*MAX($A19/2,1)/Zalozenia!$B$25),1) -> 51 | C19: =B19*Zalozenia!$B$30 -> 25.5 | D19: =B19*Zalozenia!$B$32 -> 408 | E19: =C19/Wezel!$B$31 -> 0.19921875 | F19: =D19/Wezel!$B$32 -> 0.2125 | H19: =IF(OR(E19>0.85,F19>0.85),"za agresywnie",IF(OR(E19>0.6,F19>0.6),"granica","bezpiecznie")) -> bezpiecznie
A20: 5 | B20: =FLOOR(MIN(Wezel!$B$31*(1-Zalozenia!$B$36)*$A20/Zalozenia!$B$23,Wezel!$B$30*(1-Zalozenia!$B$36)*$A20/Zalozenia!$B$24,Wezel!$B$32*(1-Zalozenia!$B$36)*MAX($A20/2,1)/Zalozenia!$B$25),1) -> 64 | C20: =B20*Zalozenia!$B$30 -> 32 | D20: =B20*Zalozenia!$B$32 -> 512 | E20: =C20/Wezel!$B$31 -> 0.25 | F20: =D20/Wezel!$B$32 -> 0.26666667 | H20: =IF(OR(E20>0.85,F20>0.85),"za agresywnie",IF(OR(E20>0.6,F20>0.6),"granica","bezpiecznie")) -> bezpiecznie
A21: 6 | B21: =FLOOR(MIN(Wezel!$B$31*(1-Zalozenia!$B$36)*$A21/Zalozenia!$B$23,Wezel!$B$30*(1-Zalozenia!$B$36)*$A21/Zalozenia!$B$24,Wezel!$B$32*(1-Zalozenia!$B$36)*MAX($A21/2,1)/Zalozenia!$B$25),1) -> 76 | C21: =B21*Zalozenia!$B$30 -> 38 | D21: =B21*Zalozenia!$B$32 -> 608 | E21: =C21/Wezel!$B$31 -> 0.296875 | F21: =D21/Wezel!$B$32 -> 0.31666667 | H21: =IF(OR(E21>0.85,F21>0.85),"za agresywnie",IF(OR(E21>0.6,F21>0.6),"granica","bezpiecznie")) -> bezpiecznie
A22: 8 | B22: =FLOOR(MIN(Wezel!$B$31*(1-Zalozenia!$B$36)*$A22/Zalozenia!$B$23,Wezel!$B$30*(1-Zalozenia!$B$36)*$A22/Zalozenia!$B$24,Wezel!$B$32*(1-Zalozenia!$B$36)*MAX($A22/2,1)/Zalozenia!$B$25),1) -> 102 | C22: =B22*Zalozenia!$B$30 -> 51 | D22: =B22*Zalozenia!$B$32 -> 816 | E22: =C22/Wezel!$B$31 -> 0.3984375 | F22: =D22/Wezel!$B$32 -> 0.425 | H22: =IF(OR(E22>0.85,F22>0.85),"za agresywnie",IF(OR(E22>0.6,F22>0.6),"granica","bezpiecznie")) -> bezpiecznie
A24: Jak czytać te dwie siatki razem
A25: Siatka 1 mówi, przy jakiej kombinacji ceny i zagęszczenia węzeł przestaje przynosić stratę.
A26: Siatka 2 mówi, przy jakim zagęszczeniu realne zużycie przestaje się mieścić w sprzęcie.
A27: Decyzja leży w części wspólnej: pole zielone w siatce 1, które w siatce 2 nie jest „za agresywnie”.

Sheet Zrodla
A1: Źródła liczb
A2: Każda liczba w modelu ma tu wiersz. Bez wiersza tutaj liczba nie ma prawa być w modelu.
A4: Pozycja | B4: Wartość | C4: Sprawdzone | D4: Typ | E4: Źródło
A5: Kurs USD/PLN | B5: 3,6839 | C5: 2026-08-22 | D5: źródło | E5: NBP, tabela kursów średnich A
A6: Kurs EUR/PLN | B6: 4,3122 | C6: 2026-08-22 | D6: źródło | E6: NBP, tabela kursów średnich A
A7: CloudLinux — bez limitu kont | B7: 18 USD/serwer/mies. | C7: 2026-08-22 | D7: źródło | E7: https://cloudlinux.com/pricing/ — warianty Solo (1 konto) i Admin (5 kont) są dla shared bezużyteczne
A8: CloudLinux — rabaty wolumenowe | B8: 16 USD od 2 serw., 14 USD od 5 | C8: 2026-08-22 | D8: źródło | E8: https://cloudlinux.com/pricing/
A9: Imunify360 | B9: 12 / 25 / 35 / 45 USD | C9: 2026-08-22 | D9: źródło | E9: cennik Imunify360 wg liczby kont: 1 / do 30 / do 250 / bez limitu
A10: LiteSpeed — limity licencji | B10: Essential 1 worker, Pro 2, Ent 4 | C10: 2026-08-22 | D10: źródło | E10: https://docs.litespeedtech.com/licenses/products/lsws/ — dokumentacja producenta mówi o limicie procesów, nie RAM
A11: LiteSpeed — ceny | B11: 36 / 46 / 65 / 92 USD | C11: 2026-08-22 | D11: źródło | E11: cennik LSWS Web Host; strona cennikowa jest za weryfikacją bota, cena z research
A12: DirectAdmin Standard | B12: 29 USD/serwer/mies. | C12: 2026-08-22 | D12: źródło | E12: cennik DirectAdmin, licencja bez limitu kont; rabaty −15% od 4 licencji, do −40% od 35
A13: JetBackup | B13: 8,95 USD/serwer/mies. | C13: 2026-08-22 | D13: źródło | E13: cennik JetBackup, licencja per serwer
A14: Hetzner AX102 | B14: 157,30 EUR + 1,70 EUR IPv4 | C14: 2026-08-22 | D14: źródło | E14: https://www.hetzner.com/dedicated-rootserver/ax102/ — po podwyżce z 15.06.2026
A15: Hetzner AX102 — specyfikacja | B15: 16c/32t, 128 GB DDR5 ECC, 2×1,92 TB NVMe | C15: 2026-08-22 | D15: źródło | E15: https://www.hetzner.com/dedicated-rootserver/ax102/ — lokalizacje FSN1, HEL1 (brak PL)
... A28: Prowizja operatora 1,9% | B28: 1,9% | C28: — | D28: ZAŁOŻENIE | E28: Do potwierdzenia w umowie z operatorem płatności.
